(1,'Chelton','Che@student.unimelb.edu.au','0400255167','true','false'),(2,'Benton','Ben@student.unimelb.edu.au','0442580119','true','false'),(3,'Rubin','Rub@gmail.com','0485429662','true','true'),(4,'Radcliffe','Rad@student.unimelb.edu.au','0432239381','false','false'),(5,'Pauline','Pau@student.unimelb.edu.au','0478351979','true','false'),(6,'Lemmy','Lem@outlook.com','0441453870','true','true'),(7,'Drew','Dre@unimelb.edu.au','0475489605','true','true'),(8,'Truman','Tru@gmail.com','0432755019','true','true'),(9,'Sherie','She@gmail.com','0441530651','true','false'),(10,'Barnebas','Bar@outlook.com','0494636439','false','false'),(11,'Jacquenetta','Jac@outlook.com','0419563032','true','false'),(12,'Marthe','Mar@unimelb.edu.au','0412143375','true','true'),(13,'Correy','Cor@unimelb.edu.au','0441126037','true','true'),(14,'Melisandra','Mel@unimelb.edu.au','0491361313','true','true'),(15,'Jean-Marc','Jea@gmail.com','0456512332','true','true'),(16,'Ursa','Urs@gmail.com','0402392383','false','false'),(17,'Cleveland','Cle@outlook.com','0400211657','false','false'),(18,'Amadeus','Ama@outlook.com','0457213011','true','false'),(19,'Jeremie','Jer@gmail.com','0432389841','true','true'),(20,'Jarvis','Jar@gmail.com','0476925884','true','false'),(21,'Zack','Zac@outlook.com','0411116253','false','true'),(22,'Elie','Eli@outlook.com','0413591833','false','true'),(23,'Ashli','Ash@gmail.com','0414677096','true','true'),(24,'Uri','Uri@outlook.com','0401711391','true','false'),(25,'Adolph','Ado@gmail.com','0457781107','false','true'),(26,'Pavla','Pav@gmail.com','0424936697','false','true'),(27,'Billy','Bil@unimelb.edu.au','0426196577','true','true'),(28,'Dody','Dod@gmail.com','0416500549','true','false'),(29,'Buck','Buc@outlook.com','0416105625','true','true'),(30,'Hagan','Hag@gmail.com','0472531144','false','false'),(31,'Ingaborg','Ing@unimelb.edu.au','0494395851','false','true'),(32,'Misty','Mis@outlook.com','0462669815','false','true'),(33,'Kacie','Kac@outlook.com','0446991489','true','false'),(34,'Hermia','Her@gmail.com','0443799245','true','true'),(35,'Herby','Her@gmail.com','0459214919','false','false'),(36,'Case','Cas@gmail.com','0438745203','true','false'),(37,'Howard','How@outlook.com','0421676584','false','true'),(38,'Manfred','Man@outlook.com','0411269736','false','false'),(39,'Josepha','Jos@unimelb.edu.au','0412648613','false','true'),(40,'Nonie','Non@outlook.com','0454737694','true','true'),(41,'Flinn','Fli@student.unimelb.edu.au','0467563910','true','false'),(42,'John','Joh@gmail.com','0476096044','false','false'),(43,'Barn','Bar@outlook.com','0472940878','false','true'),(44,'Eran','Era@gmail.com','0449359093','true','true'),(45,'Annabella','Ann@unimelb.edu.au','0421246738','false','true'),(46,'Alida','Ali@gmail.com','0432554122','true','true'),(47,'Joselyn','Jos@gmail.com','0405242763','true','false'),(48,'Eirena','Eir@outlook.com','0487499884','true','false'),(49,'Sabina','Sab@outlook.com','0430678391','false','true'),(50,'Pandora','Pan@outlook.com','0405544506','false','true')